{
  "Gemini 3 Flash Preview": {
    "composite": {
      "mean": 0.624,
      "lo": 0.5939778155624877,
      "hi": 0.6540221844375123
    },
    "objective": {
      "mean": 0.749,
      "lo": 0.7221259054403688,
      "hi": 0.7758740945596312
    },
    "calibration": {
      "mean": 0.758,
      "lo": 0.7314540447977474,
      "hi": 0.7845459552022526
    },
    "attention": {
      "mean": 0.676,
      "lo": 0.6469930594788076,
      "hi": 0.7050069405211925
    },
    "executive": {
      "mean": 0.187,
      "lo": 0.1628330330906007,
      "hi": 0.2111669669093993
    }
  },
  "DeepSeek V3.2": {
    "composite": {
      "mean": 0.606,
      "lo": 0.5757140992803582,
      "hi": 0.6362859007196418
    },
    "objective": {
      "mean": 0.478,
      "lo": 0.44703969209455435,
      "hi": 0.5089603079054457
    },
    "calibration": {
      "mean": 0.763,
      "lo": 0.736643210180297,
      "hi": 0.789356789819703
    },
    "attention": {
      "mean": 0.672,
      "lo": 0.6429010291315999,
      "hi": 0.7010989708684002
    },
    "executive": {
      "mean": 0.567,
      "lo": 0.5362891703531147,
      "hi": 0.5977108296468852
    }
  },
  "Claude Sonnet 4.6": {
    "composite": {
      "mean": 0.623,
      "lo": 0.592962016818701,
      "hi": 0.653037983181299
    },
    "objective": {
      "mean": 0.534,
      "lo": 0.5030814115716775,
      "hi": 0.5649185884283225
    },
    "calibration": {
      "mean": 0.746,
      "lo": 0.7190199752705821,
      "hi": 0.7729800247294178
    },
    "attention": {
      "mean": 0.639,
      "lo": 0.6092312840989068,
      "hi": 0.6687687159010932
    },
    "executive": {
      "mean": 0.611,
      "lo": 0.5807829907767165,
      "hi": 0.6412170092232835
    }
  },
  "Qwen 3 Next 80B Instruct": {
    "composite": {
      "mean": 0.585,
      "lo": 0.5544607721119214,
      "hi": 0.6155392278880786
    },
    "objective": {
      "mean": 0.457,
      "lo": 0.42612449382439216,
      "hi": 0.4878755061756079
    },
    "calibration": {
      "mean": 0.794,
      "lo": 0.7689331401567727,
      "hi": 0.8190668598432274
    },
    "attention": {
      "mean": 0.589,
      "lo": 0.558504579255239,
      "hi": 0.6194954207447609
    },
    "executive": {
      "mean": 0.543,
      "lo": 0.5121244938243922,
      "hi": 0.5738755061756079
    }
  },
  "Claude Opus 4.7": {
    "composite": {
      "mean": 0.59,
      "lo": 0.5595158559247598,
      "hi": 0.6204841440752401
    },
    "objective": {
      "mean": 0.489,
      "lo": 0.45801717949572696,
      "hi": 0.519982820504273
    },
    "calibration": {
      "mean": 0.779,
      "lo": 0.7532829625656453,
      "hi": 0.8047170374343547
    },
    "attention": {
      "mean": 0.58,
      "lo": 0.5494089267922814,
      "hi": 0.6105910732077185
    },
    "executive": {
      "mean": 0.544,
      "lo": 0.5131299066668078,
      "hi": 0.5748700933331923
    }
  },
  "GPT-5.4": {
    "composite": {
      "mean": 0.525,
      "lo": 0.4940484410731867,
      "hi": 0.5559515589268134
    },
    "objective": {
      "mean": 0.464,
      "lo": 0.43309011021695487,
      "hi": 0.4949098897830452
    },
    "calibration": {
      "mean": 0.802,
      "lo": 0.7773012001587122,
      "hi": 0.8266987998412879
    },
    "attention": {
      "mean": 0.642,
      "lo": 0.612285727712091,
      "hi": 0.671714272287909
    },
    "executive": {
      "mean": 0.169,
      "lo": 0.14577263548312036,
      "hi": 0.19222736451687966
    }
  },
  "GPT-5.4 mini": {
    "composite": {
      "mean": 0.629,
      "lo": 0.5990588588327032,
      "hi": 0.6589411411672969
    },
    "objective": {
      "mean": 0.485,
      "lo": 0.454023627714014,
      "hi": 0.5159763722859859
    },
    "calibration": {
      "mean": 0.844,
      "lo": 0.821509992832371,
      "hi": 0.8664900071676289
    },
    "attention": {
      "mean": 0.672,
      "lo": 0.6429010291315999,
      "hi": 0.7010989708684002
    },
    "executive": {
      "mean": 0.567,
      "lo": 0.5362891703531147,
      "hi": 0.5977108296468852
    }
  },
  "stub-greedy": {
    "composite": {
      "mean": 0.47287131316049685,
      "lo": 0.4692072796690943,
      "hi": 0.4764855656511293
    },
    "objective": {
      "mean": 0.865346609029991,
      "lo": 0.8563572690312231,
      "hi": 0.8744184353919235
    },
    "calibration": {
      "mean": 0.68,
      "lo": 0.6756,
      "hi": 0.68448
    },
    "attention": {
      "mean": 0.0,
      "lo": 0.0,
      "hi": 0.0
    },
    "executive": {
      "mean": 0.0,
      "lo": 0.0,
      "hi": 0.0
    }
  },
  "stub-random": {
    "composite": {
      "mean": 0.5207271599166843,
      "lo": 0.514489666986784,
      "hi": 0.5268264525682783
    },
    "objective": {
      "mean": 0.4777277043146862,
      "lo": 0.46804210989246864,
      "hi": 0.48691421742404306
    },
    "calibration": {
      "mean": 0.6685129244190459,
      "lo": 0.6644090395611395,
      "hi": 0.6726055480253927
    },
    "attention": {
      "mean": 0.5316666666666666,
      "lo": 0.507,
      "hi": 0.5557333333333333
    },
    "executive": {
      "mean": 0.40030449484224645,
      "lo": 0.3873286202915524,
      "hi": 0.4132054732285531
    }
  },
  "stub-noop": {
    "composite": {
      "mean": 0.35757717384768567,
      "lo": 0.3543885756976381,
      "hi": 0.3607492141805133
    },
    "objective": {
      "mean": 0.4859347824219592,
      "lo": 0.47673461510021437,
      "hi": 0.49536336887977084
    },
    "calibration": {
      "mean": 0.75,
      "lo": 0.75,
      "hi": 0.75
    },
    "attention": {
      "mean": 0.0,
      "lo": 0.0,
      "hi": 0.0
    },
    "executive": {
      "mean": 0.0,
      "lo": 0.0,
      "hi": 0.0
    }
  }
}